1,1,1,KUIT
1,1,2,ENKEL
1,2,1,VETER
1,2,2,KLITTEBAND
1,2,3,ENKEL
1,3,1,VETER
1,3,2,KLITTEBAND
1,4,1,TEENSLIPPER
1,4,2,RECHTE BAND
2,1,1,SUEDE
2,1,2,LEER
2,2,1,CROSSBODY
2,2,2,SHOPPER
2,2,3,BUIDELTAS
2,2,4,LINNENTAS
2,2,5,HOBO
3,1,1,OVER DE KNIELAARS
3,1,2,KNIELAARS
3,1,3,KUITLAARS
3,1,4,ENKELLAARS
3,1,5,OMSLAG LAARS
3,1,6,KAPLAARS
3,1,7,VETERLAARS
3,1,8,KLOMPLAARS
3,1,9,RIJGLAARS
3,1,10,REGENLAARS
3,1,11,MOTORLAARS
3,2,1,H/HAK
3,2,2,7/8 HAK
3,2,3,3/4 HAK
3,2,4,OPEN TEEN HOGE HAK
3,2,5,OPEN TEEN 7/8 GLASHAK
3,2,6,OPEN TEEN 7/8 GLASHAK
3,2,7,3/4 SLEEHAK
3,2,8,OPEN TEEN SLEEHAK
3,3,1,HH
3,3,2,7/8 H
3,3,3,3/4 H
3,3,4,PL /H
3,4,1,3/4 H
3,4,2,PL /H
3,5,1,ENKEL
3,5,2,LAAG
3,6,1,7/8 HAK
3,6,2,3/4 HAK
3,6,3,HOGE HAK
3,6,4,SLEEHAK
3,7,1,7/8 HAK
3,7,2,3/4 HAK
3,7,3,PL /HAK
3,7,4,TEENSLIPPER
3,8,1,H/HAK
3,8,2,7/8HAK
3,8,3,3/4HAK
3,8,4,PL/HAK
3,8,5,KURKHAK
3,8,6,SLEEHAK
3,8,7,BANDEN
3,8,8,3/4 SL/HAK
3,8,9,BL/HAK
3,8,10,TEENSANDAAL
3,8,11,3/4 BL/HAK
3,9,1,LUXE
3,9,2,VACHT
3,10,1,PL/H
3,11,1,SPITSE NEUS
3,11,2,PLATTE HAK
3,11,3,SLEEHAK
4,1,1,ENKELLAARZEN
4,1,2,KUITLAARS
4,1,3,KNIELAARS
4,1,4,SNEAKERS
4,1,5,SLIPPERS
4,1,6,OVERIG
4,1,7,SCHOEN
4,1,8,SNOWBOOT
4,1,9,KAPLAARS
4,1,10,ENKELSCHOEN
4,1,11,SLOFFEN
4,1,12,PANTOFFELS
4,1,13,BALLERINA'S
4,1,14,WREEFBAND SCHOEN
4,1,15,KAPLAARS
4,1,16,SANDAAL
4,1,17,INSTAPPER
4,1,18,TEENSANDAAL
4,1,19,BOOTSCHOEN
4,1,20,RIJGLAARS
4,1,21,VETERSCHOEN
4,1,22,ENKELSCHOEN
4,1,23,T-BANDSCHOEN
4,2,1,SNEAKERS
4,2,2,SLIPPERS
4,2,3,ENKELLAARZEN
4,2,4,SCHOEN
4,2,5,BERGSCHOEN
4,2,6,ENKELSCHOEN
4,2,7,SNOWBOOT
4,2,8,PANTOFFEL
4,2,9,SLIPPERS
4,2,10,SANDALEN
4,2,11,WATERSCHOEN
4,2,12,TEENSANDAAL
4,2,13,INSTAPPER
4,2,14,BOOTSCHOEN
4,2,15,VETERSCHOEN
4,2,16,KUITLAARS
4,2,17,BROQUE
4,2,18,SLOFFEN
4,2,19,MOCCASIN
4,2,20,KAPLAARS
4,3,1,BADJAS
4,3,2,TRAPPELZAK
4,3,3,SOKJES
4,3,4,SJAAL
4,3,5,MUTS
4,3,6,HANDSCHOEN
4,3,7,JURKJE
4,3,8,MONCHHICHI
4,3,9,T-SHIRT
4,3,10,PET
4,3,11,SHORT
4,3,12,BADPAK
4,3,13,HANDDOEK
4,3,14,JACK
4,3,15,KNUFFEL
4,3,16,ETUI
4,3,17,BOXKLEED
4,3,18,TAS
4,3,19,RAMMELAAR
4,3,20,GIPS AFDRUK
4,3,21,TANDENDOOSJE
4,3,22,SWEATER
4,3,23,MUTS+HANDSCHOEN
4,3,24,MUTS+SJAAL
4,3,25,PARAPLU
4,3,26,VOETENZAK
4,3,27,RIEM
4,3,28,HAARLOK DOOSJE
4,3,29,PASPOORT SET
4,3,30,JOGGINGBROEK
4,3,31,OVERALL
4,3,32,VEST
4,3,33,SHIRT+SHORT
4,3,34,REGENJAS
4,3,35,RUGZAK
4,3,36,JOGGINGPAK
4,3,37,SPEEN
4,3,38,LEGGING
4,3,39,DEKEN
4,3,40,MAILLOT
4,3,41,MANTEL
4,3,42,POLO
4,3,43,SMOKING PAK
4,3,44,OVERHEMD
4,3,45,BIKINI
4,3,46,INLEGZOOL
4,4,1,SCHOEN
4,4,2,LUIERPAKJE
4,4,3,SKIPAK
4,4,4,ROMPERTJE
4,4,5,SLOFJES
4,4,6,JACK
4,4,7,SNEAKER
4,4,8,INSTAPPER
4,4,9,ENKELLAARS
4,4,10,JAS
4,4,11,TRAPPELZAK
4,4,12,LEGGING
4,4,13,KADODOOS
4,4,14,PYAMA
4,4,15,BABYFLES
4,4,16,PONCHO
4,4,17,GIFTBOX
4,4,18,KNUFFELDOEKJE
4,4,19,BABYSET
4,4,20,BABYPAKJE
4,4,21,SLABBER
4,4,22,LUIERTAS
4,7,1,KAPLAARS
4,7,2,ENKELLAARS
4,7,3,KUITLAARS
4,7,4,SNEAKERS
4,7,5,PANTOFFELS
4,7,6,TEENSLIPPER
4,7,7,SCHOEN
4,7,8,INSTAPPER
4,7,9,SANDAAL
4,7,10,WATERSCHOEN
4,7,11,VETERSCHOEN
4,7,12,BERGSCHOEN
4,7,13,VETERSCHOEN+MUTS
4,7,14,BABYSLOFJES
5,1,1,ACCESSOIRES
5,1,2,BADJAS
5,1,3,BODYWARMERS
5,1,4,BROEKEN
5,1,5,HOEDEN
5,1,6,JASSEN
5,1,7,JOGGINGBROEKEN
5,1,8,JOGGINGPAKKEN
5,1,9,JURKJES
5,1,10,LEGGING
5,1,11,MAILLOT
5,1,12,MUTSEN
5,1,13,MANTEL
5,1,14,PETTEN
5,1,15,POLO'S
5,1,16,RIEMEN
5,1,17,ROKJES
5,1,18,SHORTS
5,1,19,T-SHIRTS LONGSLEEVE
5,1,20,T-SHIRTS
5,1,21,SWEATERS
5,1,22,TUNIEKEN
5,1,23,VESTEN
5,1,24,ZWEMKLEDING
5,1,25,BOXPAK
5,1,26,SOKKEN
5,1,27,JUMPSUIT
5,2,1,ACCESSOIRES
5,2,2,BADJAS
5,2,3,BODYWARMERS
5,2,4,BROEKEN
5,2,5,HOEDEN
5,2,6,JASSEN
5,2,7,JOGGINGBROEKEN
5,2,8,JOGGINGPAKKEN
5,2,9,MUTSEN
5,2,10,MANTEL
5,2,11,PETTEN
5,2,12,POLO'S
5,2,13,RIEMEN
5,2,14,SHORTS
5,2,15,T-SHIRTS LONGSLEEVE
5,2,16,T-SHIRTS
5,2,17,SWEATERS
5,2,18,VESTEN
5,2,19,ZWEMKLEDING
5,2,20,SOKKEN
5,2,21,RIEM
5,3,1,JONGENS
5,3,2,MEISJES
5,3,3,UNISEX
5,4,1,HOEDEN
5,4,2,REGENJAS
5,5,1,JONGENS
5,5,2,MEISJES
5,5,3,UNISEX
7,2,1,TASSEN
7,2,2,JASSEN
7,2,3,OVERIGE ACCESSOIRES
8,1,1,ENKELLAARZEN
8,1,2,KNIELAARZEN
8,1,3,OVERKNIE LAARZEN
9,1,1,ENKELLAARZEN
9,1,2,SANDALEN
9,1,3,SLIPPERS
9,1,4,SNEAKERS
9,1,5,PANTOFFELS
9,1,6,SCHOENEN
9,2,1,ENKELLAARZEN
9,2,2,SANDALEN
9,2,3,SLIPPERS
9,2,4,SNEAKERS
9,2,5,PANTOFFELS
9,2,6,BALLERINA'S
9,2,7,SCHOENEN
9,2,8,KUITLAARZEN
9,3,1,JONGENS BABYSCHOENEN
9,3,2,MEISJES BABYSCHOENEN
10,1,1,BROEKEN
10,1,2,JASSEN
10,1,3,SWEATERS
10,1,4,T-SHIRTS
10,1,5,VESTEN
10,1,6,ZWEMKLEDING
10,1,7,POLO'S
10,2,1,BROEKEN
10,2,2,JASSEN
10,2,3,JURKJES
10,2,4,SWEATERS
10,2,5,T-SHIRTS
10,2,6,VESTEN
10,2,7,ZWEMKLEDING
10,2,8,TRUIEN
10,3,1,JONGENS BABYKLEDING
10,3,2,MEISJES BABYKLEDING
